Timestamp,Your Age?,Your Gender?,Your Field?,Theme 1,Theme 2,Theme 3,Theme 4,Theme 5,Theme 6,Theme 7,Theme 8,Theme 9,Theme 10,Theme 11,Theme 12,Theme 13,Theme 14,Theme 15,Theme 16,Theme 17,Theme 18,Theme 19,Theme 20
10/21/2021 22:25:33,24,Male,IT / Computer Science,,,Theme 3,,Theme 5,,,,Theme 9,,Theme 11,,,,,,,,,
10/21/2021 22:27:01,24,Male,Statistics,Theme 1,,,,,,,,,,,,,,,,,,,
11/4/2021 17:49:00,25,Female,IT / Computer Science,Theme 1,,,,,,,,,,,,,,,,,,,
11/4/2021 17:49:38,25,Female,Marine and Nautical Science,Theme 1,,,,,,,Theme 8,,,,,,,Theme 15,,,,,
11/4/2021 17:49:46,25,Male,Statistics,Theme 1,,,,,,,,,,,,,,,,,,,
11/4/2021 17:50:37,24,Male,Marine and Nautical Science,,,,Theme 4,,,,,,,,,,,,,,,,
11/4/2021 17:52:28,24,Female,IT / Computer Science,,,,,,,,,,,,,,,,,,,,
11/4/2021 17:53:23,26,Female,IT / Computer Science,Theme 1,,,Theme 4,Theme 5,,,,,,,,,,,,,,,
11/4/2021 17:54:03,24,Female,Statistics,,,,,,,,,,,,,,,,,Theme 17,,,
11/4/2021 17:56:22,19,Female,Marine and Nautical Science,Theme 1,,,,,,,,,,,,,,,,,,,
11/4/2021 17:56:23,24,Female,Statistics,,,,,,,,Theme 8,,,,,,,,,,,,
11/4/2021 17:56:49,24,Male,IT / Computer Science,,,,Theme 4,,,,,,,,,,,,,,,,
11/4/2021 17:57:03,24,Female,IT / Computer Science,,,,Theme 4,,,,,,,,,,,,,,,,
11/4/2021 17:58:19,25,Male,Management,,,,,,,Theme 7,,,,,,,,,,,,,
11/4/2021 17:58:43,25,Male,IT / Computer Science,Theme 1,,,Theme 4,,,,,,,,,,,,,,,,
11/4/2021 18:01:45,24,Female,Management,Theme 1,,,Theme 4,Theme 5,,,,,,,,,,,,,,,
11/4/2021 18:03:56,24,Male,Civil Engineering / Building and Construction,,,,,,,,Theme 8,,,,,,,,,,,,
11/4/2021 18:04:27,25,Male,"Electrical, Electronics and Telecommunication",Theme 1,,,,,,,,,,,,,,,,,,,
11/4/2021 18:04:34,26,Male,Food Technology,Theme 1,,,,,,,,,,,,,,,,,,,
11/4/2021 18:05:42,19,Female,Medical / Health,,,,,,Theme 6,,,,,,Theme 12,,Theme 14,,,Theme 17,Theme 18,Theme 19,
11/4/2021 18:12:06,25,Male,Civil Engineering / Building and Construction,Theme 1,,,,,,,,,,,,,,,,,,,
11/4/2021 18:12:23,27,Male,Agriculture,,,,,,,,Theme 8,,,,,,,,,,,,
11/4/2021 18:14:04,35,Female,IT / Computer Science,Theme 1,,,,,,,Theme 8,,,Theme 11,,,,,,,,,
11/4/2021 18:15:02,34,Male,IT / Computer Science,,Theme 2,,,,,,,,,,,,,,,,,,
11/4/2021 18:16:25,25,Male,IT / Computer Science,Theme 1,Theme 2,,,,,,,Theme 9,,,,,,,,,,,
11/4/2021 18:16:49,25,Male,Management,,,,Theme 4,,,,,,,,,,,,,,,,
11/4/2021 18:19:54,25,Male,IT / Computer Science,,,,,,,,,,,,,,,,,,,,
11/4/2021 18:20:14,25,Male,"Electrical, Electronics and Telecommunication",,,,,Theme 5,,,,,,,,,,,,,,,
11/4/2021 18:21:52,23,Male,IT / Computer Science,,,,,Theme 5,,,,,,,,,,,,,,,
11/4/2021 18:21:56,24,Female,Management,,,,,,,,,,,,Theme 12,Theme 13,,,Theme 16,,,,
11/4/2021 18:22:21,26,Male,IT / Computer Science,Theme 1,Theme 2,,Theme 4,Theme 5,,Theme 7,,,,,,,,,,,,,
11/4/2021 18:23:48,29,Male,IT / Computer Science,Theme 1,,,,,,,,,,,,,,,,,,,
11/4/2021 18:24:03,25,Male,IT / Computer Science,,,,,Theme 5,,,,,,,,,,,,,,,
11/4/2021 18:26:13,25,Female,Management,,,,,,,Theme 7,,,,,,,,,,,,,
11/4/2021 18:29:29,25,Male,Management,,,,,,,,Theme 8,,,,,,Theme 14,,,,,,
11/4/2021 18:31:53,25,Female,Marine and Nautical Science,,,,,,,,,,,,,,,,,,,,Theme 20
11/4/2021 18:32:07,25,Male,Marine and Nautical Science,,,,,Theme 5,,,,,,,,,,,,,,,
11/4/2021 18:34:26,27,Male,Marine and Nautical Science,Theme 1,,,,Theme 5,,Theme 7,,,,,,,,Theme 15,,,,,
11/4/2021 18:34:59,27,Male,IT / Computer Science,,,,,Theme 5,,,,,,,,,Theme 14,,,,Theme 18,,
11/4/2021 18:35:00,25,Male,Agriculture,,,,Theme 4,Theme 5,,,Theme 8,,,Theme 11,,,,,,,,,
11/4/2021 18:39:00,25,Female,Management,,,,,Theme 5,,,,,,,,,,,,,,,
11/4/2021 18:45:03,25,Female,Medical / Health,Theme 1,,,,,,,,,,,,,,,,,,,
11/4/2021 18:46:15,24,Male,IT / Computer Science,,,,,,,,,,,,,,,,,,,,
11/4/2021 18:47:59,25,Male,Civil Engineering / Building and Construction,,,,,,,Theme 7,,,,,,,,,,,,,
11/4/2021 18:49:25,23,Male,IT / Computer Science,Theme 1,,,,,,,,,,,,,,,,,,,
11/4/2021 18:52:46,24,Female,IT / Computer Science,,,,,,,,,,,,,,,,,,,,
11/4/2021 18:54:43,24,Male,IT / Computer Science,,,,,,,,,,,,,,,,,,,,
11/4/2021 18:58:14,25,Male,"Electrical, Electronics and Telecommunication",,,,Theme 4,,,,,,,,,,,,,,,,
11/4/2021 19:08:10,25,Male,Mechanical Engineering,Theme 1,,,Theme 4,Theme 5,,,Theme 8,,,,,,,,,,,,
11/4/2021 19:10:02,24,Female,Mechanical Engineering,Theme 1,,,Theme 4,,,,,,,,,,,,,,,,
11/4/2021 19:10:39,19,Female,Mechanical Engineering,,,Theme 3,,,,,,,,,,Theme 13,,,Theme 16,,,Theme 19,
11/4/2021 19:14:06,19,Female,"Electrical, Electronics and Telecommunication",,,,Theme 4,,,,,,,,,,,,,,,,
11/4/2021 19:14:12,22,Male,IT / Computer Science,Theme 1,,,,,,,,,,,,,,,,,,,
11/4/2021 19:20:08,24,Female,IT / Computer Science,Theme 1,,,,,,,,,,,,,,,,,,,
11/4/2021 19:20:21,25,Male,IT / Computer Science,,,,,,,,,,,,,,,,,,,,
11/4/2021 19:22:51,25,Male,IT / Computer Science,Theme 1,,,,,,,,,,,,,,,,,,,
11/4/2021 19:23:27,24,Female,Mechanical Engineering,Theme 1,,,,,,,,,,,,,,,,,,,
11/4/2021 19:23:58,24,Male,IT / Computer Science,,,,,,,Theme 7,,,,,,,,,,,,,
11/4/2021 19:27:51,24,Male,IT / Computer Science,Theme 1,,,,,,,,,,,,,,,,,,,
11/4/2021 19:30:11,24,Male,Statistics,Theme 1,,,,,,,,,,,,,,,,,,,
11/4/2021 19:31:47,18,Female,Mechanical Engineering,,,,,,,,,,,,,,,,,,,,
11/4/2021 19:34:43,24,Male,Statistics,Theme 1,,,,,,,,,,,,,,,,,,,
11/4/2021 19:41:14,24,Male,Mechanical Engineering,Theme 1,,,Theme 4,Theme 5,,,,,,,,,,,,,,,
11/4/2021 19:49:45,22,Male,Art Design and Media,Theme 1,,,,,,,,,,,,,,,,,,,
11/4/2021 19:51:58,21,Male,Civil Engineering / Building and Construction,,,,Theme 4,,,,,,,,,,,,,,,,
11/4/2021 19:53:22,18,Female,Civil Engineering / Building and Construction,,,,Theme 4,,,,,,,,,,,,,,,,
11/4/2021 20:09:49,18,Female,IT / Computer Science,,,,Theme 4,,,,,,,,,,,,,,,,
11/4/2021 20:22:38,24,Male,IT / Computer Science,Theme 1,,,,,,,,,,,,,,,,,,,
11/4/2021 20:38:17,23,Female,Civil Engineering / Building and Construction,Theme 1,,,Theme 4,Theme 5,,,,,,,,,,,,,,,
11/4/2021 20:42:20,29,Female,Law,,,,,,,,,,,Theme 11,,,,,,,,,
11/4/2021 20:44:23,34,Female,IT / Computer Science,,,,,,,,,,,,,,,,,,,,
11/4/2021 20:44:25,18,Male,"Electrical, Electronics and Telecommunication",,,,,,,,,,,,,,,,,,,,
11/4/2021 20:47:55,24,Male,IT / Computer Science,Theme 1,,,Theme 4,,,Theme 7,,,,,,Theme 13,Theme 14,,Theme 16,Theme 17,,Theme 19,
11/4/2021 20:56:23,24,Female,Statistics,,,,,,,,,,,,,Theme 13,,Theme 15,,,,Theme 19,
11/4/2021 21:00:25,23,Female,Civil Engineering / Building and Construction,,,,,,,Theme 7,,,,,,,,,,,,,
11/4/2021 21:18:37,27,Male,"Electrical, Electronics and Telecommunication",,,,Theme 4,,,,,,,,,,,,,,,,
11/4/2021 21:24:17,25,Male,Law,Theme 1,,,,,,,,,,,,,,,,,,,
11/4/2021 21:29:26,25,Male,Agriculture,,,,,,,,,,,,,,,Theme 15,,Theme 17,,,
11/4/2021 21:32:18,23,Female,Law,Theme 1,,,,,,,,,,,,,,,,,,,
11/4/2021 22:08:27,24,Male,Agriculture,,,,,,,,,,,,,,,,,,,,
11/4/2021 22:10:09,22,Female,IT / Computer Science,Theme 1,,,,,,,,,,,,Theme 13,,,,,,,
11/4/2021 22:12:48,25,Female,Hotel and Tourism,Theme 1,,,,,,,,,,,,,,,,,,,
11/4/2021 22:14:38,26,Female,Agriculture,,,,,,,,Theme 8,,,,,,,,,,,,
11/4/2021 22:16:01,23,Male,Agriculture,Theme 1,,,,,,,,,,,,,,,,,,,
11/4/2021 22:18:38,23,Female,Law,Theme 1,,,,,,,,Theme 9,,,,,Theme 14,,,,,,Theme 20
11/4/2021 22:23:49,19,Female,Art Design and Media,,,,,,,,,,,Theme 11,,,,,,,,,
11/4/2021 22:52:05,24,Female,Statistics,Theme 1,,,,,,,,,,,,,,,,,,,
11/4/2021 23:00:05,30,Male,IT / Computer Science,,,,Theme 4,,,,,,,,,,,,,,,,
11/4/2021 23:23:18,37,Female,Law,,,Theme 3,,,Theme 6,,,,,,,Theme 13,,,,,,,
11/4/2021 23:34:43,25,Male,"Electrical, Electronics and Telecommunication",,,,,,,,,,,,,,,,,,,,
11/4/2021 23:47:17,23,Male,IT / Computer Science,Theme 1,,,,,,,,,,,,,,,,,,,
11/5/2021 0:10:39,20,Male,"Electrical, Electronics and Telecommunication",Theme 1,,,,,,,,,,,,,,,,,,,
11/5/2021 0:26:13,25,Male,Management,Theme 1,,,,,,,Theme 8,,,,,,,,,,,,
11/5/2021 0:26:35,25,Male,Civil Engineering / Building and Construction,,,,Theme 4,,,,,,,,,,,,,,,,
11/5/2021 1:02:36,23,Male,"Electrical, Electronics and Telecommunication",,,,,Theme 5,,,,,,,,,,,,,,,
11/5/2021 3:11:39,24,Male,Civil Engineering / Building and Construction,,,,,,,,Theme 8,,,,,Theme 13,,Theme 15,,,,,
11/5/2021 7:17:02,24,Male,Agriculture,,,,,Theme 5,,,,,,,,,,,,,,,
11/5/2021 7:56:06,23,Male,IT / Computer Science,Theme 1,,,,,,,,,,,,,,,,,,,
11/5/2021 8:20:50,21,Female,IT / Computer Science,,,,,,,,,,,,,Theme 13,,,,Theme 17,,,
11/5/2021 8:41:47,22,Female,IT / Computer Science,,,,,,,,,,,,,,,,,,,,
11/5/2021 9:38:14,24,Female,Statistics,,,,,,,Theme 7,,,,,,,,,,,,,
11/5/2021 9:57:46,25,Female,Agriculture,,,,,,,,,,,,,,Theme 14,,,,,,
11/5/2021 10:02:11,24,Female,IT / Computer Science,,,,,Theme 5,,,,,,,,,,,,,,,
11/5/2021 10:32:29,25,Female,Art Design and Media,,Theme 2,,,,,,,,,,,,,,,,,,
11/5/2021 10:32:48,25,Female,IT / Computer Science,,,,,,,,,,,,,,,,,,,,
11/5/2021 10:47:51,18,Male,IT / Computer Science,Theme 1,,,Theme 4,,,,,,,,,,,,,,,,
11/5/2021 11:49:05,25,Male,Art Design and Media,,,,Theme 4,Theme 5,,,,,,,,,,,,,,,
11/5/2021 11:58:26,24,Female,Agriculture,Theme 1,,,,Theme 5,,,Theme 8,,,,,,,,,,,Theme 19,
11/5/2021 12:19:01,24,Female,IT / Computer Science,,,,,,,,,Theme 9,,,,,,,,,,,
11/5/2021 13:04:59,24,Female,IT / Computer Science,,,,,,,,,,,,,,,,,,,,
11/5/2021 13:33:48,25,Male,IT / Computer Science,,,,,,,,,,,,,,,,,Theme 17,,,
11/5/2021 13:36:53,25,Male,IT / Computer Science,Theme 1,,,,,,,Theme 8,,,,,,,,,,,Theme 19,
11/5/2021 14:01:32,25,Female,Medical / Health,Theme 1,,,,,,,,Theme 9,,,,,,,,,,,
11/5/2021 14:31:17,18,Female,Art Design and Media,,,,Theme 4,,,,,,,,,,,,,,,,
11/5/2021 15:20:27,27,Female,Statistics,Theme 1,,,,,,,,,,,,,,,,,,,
11/5/2021 15:59:49,23,Male,IT / Computer Science,,,,,,,,,,,,,,,,,,,,
11/5/2021 16:29:04,28,Female,IT / Computer Science,,,,,,,Theme 7,,,,,,,,,,,,,
11/5/2021 18:57:41,27,Female,Statistics,,,,,,,,Theme 8,,,,,,,,,,,,
11/6/2021 7:48:57,24,Female,"Electrical, Electronics and Telecommunication",,,,,,,,,,,Theme 11,,,,,,,,,
11/7/2021 1:45:48,25,Male,"Electrical, Electronics and Telecommunication",,,,Theme 4,,,,,,,,,,,,,,,,
11/7/2021 12:23:39,24,Male,"Electrical, Electronics and Telecommunication",Theme 1,,,Theme 4,,,,,,Theme 10,,,,,,,,,,
12/12/2021 15:12:58,23,Female,Art Design and Media,Theme 1,,,,,,,,,,,,,,,,,,,
12/12/2021 15:14:02,26,Female,Agriculture,,,,Theme 4,,,,,,,,,,,,,,,,
12/12/2021 15:18:39,23,Female,IT / Computer Science,,,,,,,,Theme 8,,,,,,,,,,Theme 18,,
12/12/2021 15:20:50,23,Male,Statistics,,,,,,,,Theme 8,,,,,,,,,,,,
12/12/2021 15:25:12,23,Male,IT / Computer Science,Theme 1,,,,,,,,,,,,,,,,,,,
12/12/2021 15:25:19,24,Female,Agriculture,Theme 1,,,,,,,,,,,,,Theme 14,,,,,,
12/12/2021 15:26:27,23,Female,Other,,,,,Theme 5,,,,,,,,,,Theme 15,,,,,
12/12/2021 15:43:18,22,Female,Statistics,,,,,,,,,,,,,Theme 13,,,,Theme 17,,Theme 19,
12/12/2021 16:01:05,24,Female,Statistics,,,,,,,Theme 7,,,,,,,,,,,,,
12/12/2021 16:07:20,24,Female,Other,,,,Theme 4,,,,,,,,,,,,,,,,
12/12/2021 16:08:28,23,Male,Art Design and Media,,Theme 2,,,,,,,,,,,,,,,,,,
12/12/2021 16:10:57,25,Male,Other,Theme 1,,,,,,,,,,,,,,,,,,,
12/12/2021 16:27:29,24,Female,Other,,,,,,,,Theme 8,,,Theme 11,,,,,,,Theme 18,,
12/12/2021 16:29:36,24,Female,IT / Computer Science,,,,,,,,Theme 8,,,,,,,,,,,,
12/12/2021 16:51:07,25,Female,Statistics,Theme 1,,,,,,,,,,,,,,,,,,,
12/12/2021 17:01:47,23,Male,IT / Computer Science,,,,,Theme 5,,,,,,,,,,,,,,,
12/12/2021 17:28:25,23,Female,"Electrical, Electronics and Telecommunication",,,,,Theme 5,,,,,,,,,,,,,,,
12/12/2021 17:29:22,23,Female,"Electrical, Electronics and Telecommunication",,,,,,,,,,,,,Theme 13,,,,,,,
12/12/2021 17:33:05,24,Female,Statistics,,,,Theme 4,,,,,,,,,,,,,,,,
12/12/2021 17:36:02,23,Female,"Electrical, Electronics and Telecommunication",Theme 1,,,,,,,,,,,,Theme 13,,,,,,,
12/12/2021 18:02:38,24,Female,IT / Computer Science,,,,,,,,,,Theme 10,,,,,,,,,,
12/12/2021 18:08:42,23,Male,Statistics,,,,,,,,,,,,,,,,,,Theme 18,,
12/12/2021 18:09:25,25,Female,Statistics,,,,,Theme 5,,,,,,,,,,,,,,,
12/12/2021 18:27:30,25,Male,Civil Engineering / Building and Construction,,,,,,,,,,,,,,,,,,,,Theme 20
12/12/2021 18:28:01,23,Female,Statistics,Theme 1,Theme 2,,Theme 4,,,,,,Theme 10,Theme 11,,,,,,,,,
12/12/2021 18:54:43,23,Female,Statistics,Theme 1,,,,Theme 5,,,,,,,,,,,,,,,
12/12/2021 19:43:23,21,Male,IT / Computer Science,,,,,Theme 5,,,,,,,,,,,,,,,
12/12/2021 20:49:26,22,Female,Civil Engineering / Building and Construction,Theme 1,,,,,,,,,,,,,,,,,,,
12/12/2021 21:19:04,24,Male,Statistics,Theme 1,,,,,,,,,,,,,,,,,,,
12/12/2021 21:30:25,23,Female,Civil Engineering / Building and Construction,Theme 1,,,,,,Theme 7,,,,,,,,,,,,,
12/12/2021 23:00:22,24,Female,"Electrical, Electronics and Telecommunication",,,,,,,,,,,,,Theme 13,,,,,,,
12/12/2021 23:49:39,23,Female,Statistics,Theme 1,,,,,,,,,,,,,,,,,,,
12/13/2021 5:19:58,24,Female,Marine and Nautical Science,,,,,,,Theme 7,,,,,,Theme 13,,,,,,,
12/13/2021 5:46:04,24,Female,Marine and Nautical Science,,,,,,,,,,,,,,,Theme 15,,,,,
12/13/2021 8:45:41,24,Female,Textile and Garment,,,,,,,,,,,,,,,Theme 15,,,,Theme 19,
12/13/2021 9:02:34,22,Female,IT / Computer Science,Theme 1,,,,,,,,,,,,,,,,,,,
12/13/2021 9:32:27,24,Female,IT / Computer Science,,,,,,,,,,,,,Theme 13,,,,,,,
12/13/2021 10:02:17,23,Female,Other,,,,,,,,,,,,,Theme 13,,,,,,,
12/13/2021 13:19:50,22,Female,Textile and Garment,,,,,Theme 5,,,,,,,,,,,,,,,
12/13/2021 15:56:43,24,Female,Medical / Health,Theme 1,,,,,,,,,,,,,,,,,,,
12/13/2021 18:38:05,23,Female,Statistics,Theme 1,,,,,,,,,,,,,,,,,,,
12/13/2021 19:40:09,25,Male,Marine and Nautical Science,Theme 1,,,,Theme 5,,Theme 7,,,,,,,,,,,,,
12/13/2021 19:59:18,23,Female,Medical / Health,,,,,,,,,,,,,,Theme 14,,,,,,
12/13/2021 22:35:13,24,Female,Textile and Garment,Theme 1,,,,,,,,,,Theme 11,,,,,,,,,
12/13/2021 22:40:02,23,Female,IT / Computer Science,Theme 1,,,,Theme 5,,,,,,Theme 11,,,,,,,,,
12/14/2021 6:09:07,25,Female,Textile and Garment,,,,,Theme 5,,,,,,,,,,,,,,,
12/14/2021 7:02:12,26,Male,Human Resource Management,Theme 1,,,,,,,,,,,,,,,,,,,
12/14/2021 11:56:12,25,Male,IT / Computer Science,,,,,,,,,,,,,Theme 13,,,,,,,
12/14/2021 11:56:12,25,Male,Statistics,Theme 1,,,,,,,,,,,,,,,,,,,
12/14/2021 11:58:00,25,Female,Human Resource Management,,,,,,,,,,,Theme 11,,,,,,,,,
12/14/2021 11:59:26,25,Female,Human Resource Management,Theme 1,,,,,,,,,,,,Theme 13,,,Theme 16,,,,
12/14/2021 12:00:51,25,Female,Human Resource Management,,,,,,,,Theme 8,,,,,,,,,,,,
12/14/2021 12:01:21,24,Female,Human Resource Management,,Theme 2,,,,,,,,,,,Theme 13,,,,,,Theme 19,
12/14/2021 12:05:23,25,Female,IT / Computer Science,,,,,,,,,,,,,,,,,,,,
12/14/2021 12:11:43,26,Female,Other,,,,,,,,,,,,,,,,,,,Theme 19,
12/14/2021 12:11:48,24,Female,Law,Theme 1,,,,,,,,,,,,,,,,,,,
12/14/2021 12:13:44,25,Male,Statistics,Theme 1,,,,,,,,,,,,Theme 13,,Theme 15,,Theme 17,,Theme 19,
12/14/2021 12:14:09,25,Female,Law,Theme 1,,,,,,,,,,,,,,,,,,,
12/14/2021 12:14:42,25,Female,Law,,,,,,,,,,,,,Theme 13,,,,,,,
12/14/2021 12:15:32,24,Male,Statistics,Theme 1,,,,,,,,,,,,,,,,,,,
12/14/2021 12:18:20,24,Male,Statistics,Theme 1,,,,,,,,,,,,,,,,,,,
12/14/2021 12:20:15,26,Male,IT / Computer Science,,,,,,,Theme 7,,,,,,,,,,,,,
12/14/2021 12:26:28,25,Male,IT / Computer Science,,,,,Theme 5,,,,,,,,,,,,,,,
12/14/2021 12:27:41,26,Female,Statistics,,,,,,,,,,,,,Theme 13,,,,,,,
12/14/2021 12:28:31,26,Male,Human Resource Management,,,,,,,,,,,Theme 11,,,,,,,,,
12/14/2021 12:33:01,25,Female,Human Resource Management,,,,,,,,,,,,,,Theme 14,,,,,,
12/14/2021 12:39:01,24,Male,Statistics,Theme 1,,,,,,,,,,,,,,,,,,,
12/14/2021 13:02:03,24,Female,Law,,Theme 2,,,,,,,,,,,,Theme 14,,,,,,
12/14/2021 13:24:46,26,Male,Statistics,Theme 1,,,,,,,,,,,,,,,,Theme 17,,Theme 19,Theme 20
12/14/2021 13:26:52,26,Female,Statistics,,,,,,,Theme 7,,,,,,,,,,,,,
12/14/2021 13:47:10,26,Female,Human Resource Management,,,,,,,,Theme 8,,,,,,,,,,,,
12/14/2021 14:17:23,26,Male,Mathematics,,Theme 2,,,,,,,,,,,,,,,,,,
12/14/2021 14:26:03,27,Male,Mathematics,Theme 1,,,,,,,,,,,,,,,,,,,
12/14/2021 14:38:57,25,Male,Chemistry,,,,Theme 4,,,,,,,,,,,,,,,,
12/14/2021 14:45:05,24,Female,Statistics,Theme 1,,,,,,,Theme 8,,,,,,,,,,Theme 18,,
12/14/2021 14:46:30,26,Female,Statistics,Theme 1,,,,,,,,,,,,,,,,,,,
12/14/2021 14:50:31,24,Male,Statistics,Theme 1,,,,,,,,,,,,,,,,,,,
12/14/2021 15:10:16,25,Male,Statistics,,,,,Theme 5,,,,,,,,,,,,,,,
12/14/2021 16:07:37,23,Female,Mathematics,Theme 1,,,,,,,,,,,,,,,,,,,
12/14/2021 16:14:58,24,Female,Mathematics,,,,,,,,,,,,,,Theme 14,,,,,,
12/14/2021 16:43:19,26,Female,Chemistry,,,,,Theme 5,,,Theme 8,,,,,Theme 13,,,,,,,
12/14/2021 16:58:22,25,Male,Mathematics,,,,,Theme 5,,,,,,,,,,,,,,,
12/14/2021 17:08:29,25,Male,Chemistry,,,,,,,,,,,,,,,,,,,Theme 19,
12/14/2021 17:32:27,25,Female,IT / Computer Science,,,,,,,,Theme 8,,,,,Theme 13,,,,,,,
12/14/2021 17:33:27,25,Female,IT / Computer Science,Theme 1,,,,,,,,,,,,,,,,,,,
12/14/2021 17:38:13,27,Female,Medical / Health,,,,,,,,,,,,,,,Theme 15,,,,,
12/14/2021 18:09:00,24,Male,IT / Computer Science,,,,,,,Theme 7,,,,,,,,,,,,,
12/14/2021 18:37:02,25,Female,Biological Science,,Theme 2,,,,,,,,,,,Theme 13,,,,,,,
12/14/2021 18:49:11,25,Female,Marine and Nautical Science,,,,,,,Theme 7,,,,Theme 11,Theme 12,,,,,,,,
12/14/2021 18:54:29,21,Female,Statistics,,,,,,,Theme 7,,,,Theme 11,,,,,,,,,
12/14/2021 20:06:13,26,Female,Physical Science ,,,,,,,,,,,,,,Theme 14,Theme 15,,,,Theme 19,
12/14/2021 20:17:07,25,Male,IT / Computer Science,,,,,,,,Theme 8,,,,,Theme 13,,,,,,,
12/14/2021 20:21:51,24,Male,Physics,,,,,,,,Theme 8,,,,,,,,,,,,
12/14/2021 20:31:21,26,Female,Chemistry,,,,,,,,,,,,,,Theme 14,,,,,,
12/14/2021 23:30:50,23,Female,IT / Computer Science,,,,,,,,,,,,,,,,,,,,
12/14/2021 23:35:22,25,Female,Biological Science,,,,Theme 4,,,,,,,,,,,,,,,,
12/15/2021 1:59:34,24,Female,Statistics,Theme 1,,,Theme 4,,,,,,,,,,,,,,,,
12/15/2021 4:38:31,26,Female,Mathematics ,,,,,,,,,,,,,Theme 13,Theme 14,,,,,,
12/15/2021 7:26:31,25,Female,Science ,,,,,,,,Theme 8,,,,,,,,,,,,
12/15/2021 7:43:02,26,Female,Mathematics,,,,,,,,Theme 8,,,,,Theme 13,,,,,,,
12/15/2021 8:18:14,25,Male,IT / Computer Science,,,,,,,,,,,,,,,,,,,,
12/15/2021 8:40:32,23,Female,Statistics,Theme 1,Theme 2,,,Theme 5,,,,,,,,,,,,,,,
12/15/2021 10:23:42,25,Female,Geology,Theme 1,,,,,,,,,,,,,,,,,,,
12/15/2021 10:37:31,24,Female,Management,,,,,,,,,,,,,,,,,,,,Theme 20
12/15/2021 10:58:20,24,Female,Chemistry,Theme 1,,,,,,,Theme 8,,,,,,,,,,,,
12/15/2021 11:38:44,25,Female,Statistics & Operations Research ,,,,,,,,Theme 8,,,,,,,,,,Theme 18,,
12/15/2021 21:09:54,24,Female,Management,Theme 1,,,,,,,,,,,,,,,,,,,
12/16/2021 6:48:09,24,Female,Biological Science ,,,,,,,,Theme 8,,,,,Theme 13,,,,Theme 17,,,
12/16/2021 8:04:18,24,Female,Statistics,,,,,,,,,,,,,,,,,,,Theme 19,
12/16/2021 20:02:13,24,Female,Statistics,,,,,,,,Theme 8,,,,,,,Theme 15,,,,,
12/17/2021 6:04:02,25,Male,Statistics,,,,,,,,,,,,,,,,,,Theme 18,,
12/17/2021 15:16:11,25,Male,Medical / Health,Theme 1,Theme 2,,Theme 4,Theme 5,,,,,,,,,,,,,,,
12/17/2021 23:44:35,25,Male,Geology,,,,,,,,Theme 8,,,,,,,,Theme 16,,,,
12/19/2021 16:21:11,25,Female,Life Science,Theme 1,,,Theme 4,,,,,,,,,,,,,,,,
12/21/2021 7:39:30,22,Female,IT / Computer Science,Theme 1,,,,Theme 5,,,,,,,,,,,,,,,
1/9/2022 20:25:59,25,Male,Agriculture,,,,,,,,,,Theme 10,,,,,,,,,Theme 19,